idPersona,esEmpleado,esCliente,esProveedor,idSucursal,nombre,apellidoP,apellidoM,correo,telefono,estado,calle,municipio,numero,cp,rfc,edad,salario,antiguedad,nss,curp,noPuntos,esParrillero,esMesero,esCajero,esTortillero,esRepartidor,fechaIngreso
1332119756,true,true,false,2222748404,D'arcy,Galero,Berthon,dberthon0@bbc.co.uk,0795596920,Oaxaca,Kensington,San Matas Tlalancaleca,78,58405,MNQI522363TII,12,98347.37,32,2571327604,VNKK501174UBBTFTFU,3665,true,false,false,false,true,2019-08-29
6063150911,true,true,true,9218200143,Bent,Heitz,Holtaway,bholtaway1@friendfeed.com,1054146623,Zacatecas,Hazelcrest,Copainal,77620,62120,UJHB647830VRU,20,63021.68,32,9596470991,UBOG436919QJHHYUHN,24683,false,true,true,false,true,2022-01-16
4448788363,true,true,true,5795416030,Norean,Hallatt,Gosland,ngosland2@ning.com,5100906475,Coahuila de Zaragoza,Del Mar,Guadalupe,1,32156,IFAL949222XNT,40,50000.0,28,6231950800,DXEX938168DBXHABWC,46491,true,false,false,true,false,2022-02-05
4685253514,true,false,true,6210563128,Cortie,Penning,McManamen,cmcmanamen3@twitpic.com,0593339463,Guerrero,Butternut,Mixistln de la Reforma,44992,51131,BAMU639277DIV,18,31773.86,28,5275414044,,,true,true,false,false,true,2021-09-02
8170158101,false,false,false,,Gav,Aspinall,Woan,gwoan4@bloglines.com,2624492610,Nayarit,Kinsman,San Felipe,20,00755,IAPX254866DFJ,,,,,,,false,false,false,false,false,
3270748967,true,false,false,1315456437,Kristyn,Ince,Doak,kdoak5@mlb.com,0503231148,Queretaro,Nobel,Mineral del Chico,869,28060,HUWT372388QIA,50,24688.04,7,5436288603,,,false,true,false,false,true,2018-03-03
3277409555,false,true,false,,Timmi,Byfield,Tuffrey,ttuffrey6@godaddy.com,5659371324,Veracruz de Ignacio de la Llave,Oxford,Santa Mara Ipalapa,8,93986,BICB574881IJF,,,,,DOCP989385TNYQBJCQ,37324,false,false,false,false,false,
4640330076,true,false,false,6682277867,Sherry,Kite,Menhenitt,smenhenitt7@blogger.com,9657917382,Tlaxcala,Kennedy,Yutanduchi de Guerrero,64421,49681,IMMU424098HOT,30,76027.2,14,6000593991,,,true,true,true,true,true,2021-05-22
3591906541,true,false,true,9974218067,Otto,Magor,Greest,ogreest8@instagram.com,7058127258,Queretaro,Bunting,Ixhuatln de Madero,006,98540,ZAJR727665KOO,53,98316.2,27,5174558333,,,true,true,true,true,false,2021-08-04
4740409422,true,false,false,5598754744,Cookie,Rojas,Garbert,cgarbert9@state.tx.us,6822748352,Zacatecas,Utah,Nuevo Casas Grandes,4,02418,DRUX834171ZYS,2,5068.22,5,6968829586,,,false,true,false,true,false,2019-05-27
9210122320,false,false,true,,Gothart,Ditchfield,Mazzei,gmazzeia@wikispaces.com,7649378081,Durango,Colorado,Asuncin Ixtaltepec,0006,08214,MOYS370572KIA,,,,,,,false,false,false,false,false,
6116737685,false,true,false,,Nellie,Wallis,Krinks,nkrinksb@devhub.com,4893155963,Michoacán,Bunker Hill,Tocumbo,276,21623,NYYR053987CXH,,,,,YSDD113427UDHVHCJV,35503,false,false,false,false,false,
8584544755,true,false,false,2914774066,Risa,Seedhouse,Bronger,rbrongerc@columbia.edu,5954107151,Guerrero,Summer Ridge,Nochistln de Meja,94,95020,KCGF697836MRZ,29,59580.69,34,7656994293,,,true,true,false,true,true,2021-07-04
2260267619,true,false,false,9391336410,Pincus,Lind,Lonie,plonied@yale.edu,7988244329,Chihuahua,Dorton,Santiago Lalopa,8417,54915,JQKE425884QII,96,52397.83,15,9381142729,,,false,true,false,false,true,2019-11-11
7084676391,true,false,false,6300724362,Ileane,Bannon,Nehls,inehlse@samsung.com,8957829846,Sinaloa,Northridge,Morolen,2041,93295,MCGZ975294JWL,20,98230.03,21,1251661919,,,true,false,false,true,true,2019-12-09
0578430369,true,false,false,6286302982,Pamela,Bremmer,Artus,partusf@amazon.de,9686860409,Sonora,Hudson,Jos Sixto Verduzco,69915,92817,JVGP081616CQV,86,23003.12,33,5342619344,,,true,false,true,false,false,2022-02-13
4569441766,false,true,false,,Adlai,Consadine,Gudgen,agudgeng@shareasale.com,1685019137,Morelos,Wayridge,Hocab,97,28405,FDOC362281UIY,,,,,CCMU525774BVIKKFIS,2869,false,false,false,false,false,
3373745138,true,false,true,7462592733,Maisie,Schmuhl,Bennoe,mbennoeh@printfriendly.com,6633359312,Veracruz de Ignacio de la Llave,Rowland,Rojas de Cuauhtmoc,67,39081,YKKA237956ZPI,5,40904.22,11,5336640891,,,true,true,true,true,false,2021-09-07
7977993276,true,true,true,0500968903,Morena,Pellew,Grunbaum,mgrunbaumi@dedecms.com,6226128653,Chiapas,Village,San Miguel Ixitln,53083,90939,YFFJ511234ZYO,99,1646.93,25,4033170970,RLLN440629LBXXBUAM,36674,false,false,false,true,false,2021-08-12
5490309280,true,true,true,1315456437,Connor,Ever,Fannin,cfanninj@abc.net.au,5750466283,Yucatan,Miller,Tanquin de Escobedo,54517,74445,OKNT169132ZWS,26,62235.89,32,3388521700,PJAV098374EZOEZTZW,7431,true,true,true,false,true,2020-05-07
8945224079,false,true,false,,Gaby,Breward,Grimsdith,ggrimsdithk@opera.com,7278760015,Chiapas,Erie,Del Nayar,70920,64474,AWLR980170EBB,,,,,FGVA012948UHLPFHXI,23233,false,false,false,false,false,
7798302957,true,true,false,7739948965,Ellis,Habishaw,Huelin,ehuelinl@tinypic.com,4664691765,Coahuila de Zaragoza,Dryden,Huajicori,3708,95914,SENT795096PVZ,87,52196.73,32,6182366570,RONT049651AIFNOZKV,18155,false,true,false,true,true,2018-11-13
9208531485,true,false,true,0500968903,Beatrix,Mengue,Jewel,bjewelm@chronoengine.com,4559080151,Michoacán,Namekagon,Bacalar,5809,63004,FZES627298BNF,50,79129.43,36,1845906864,,,false,true,true,true,true,2022-02-03
6126008299,true,true,false,6682277867,Ernestine,Dugmore,Helin,ehelinn@washington.edu,8358349776,San Luis Potosi,Onsgard,Tenochtitln,230,79792,HJHO322390QRE,35,34314.13,17,8196310033,YEFT011970EWJDOMFH,41712,false,false,true,true,false,2019-04-17
1851258354,true,false,true,5001027211,Carin,Hurnell,Reimer,creimero@prlog.org,4857632164,San Luis Potosi,Elgar,Mineral de la Reforma,58,18655,GSJM437935LLM,98,99765.75,19,4153260958,,,true,true,false,false,false,2020-11-27
7726350236,false,true,true,,Idalina,Lapthorn,Lanphere,ilanpherep@craigslist.org,9965090074,Tamaulipas,Westridge,Acuamanala de Miguel Hidalgo,0,79363,KGXS091054SBU,,,,,NIVL237222KXPCYLIM,49324,false,false,false,false,false,
8193630594,true,false,true,2400100018,Layla,Djakovic,Yurmanovev,lyurmanovevq@usnews.com,0471636246,México,Bonner,Mezquitic,22649,67190,LOZL667600UXF,34,84011.42,3,4965010237,,,true,false,false,false,false,2019-08-02
7946191977,true,false,false,3856309904,Daisie,Underwood,Stanes,dstanesr@t-online.de,8500880242,Nayarit,Anzinger,Gmez Palacio,772,18536,ANNE092697PQM,12,40674.93,29,0217108070,,,true,false,false,true,true,2020-08-15
2610364627,false,false,true,,Torrance,Ternott,Vezey,tvezeys@e-recht24.de,2768536641,Chiapas,Stoughton,Churintzio,119,99468,VYIQ822817MCT,,,,,,,false,false,false,false,false,
7666518894,true,false,false,2305896180,Port,Pury,Drake,pdraket@typepad.com,9509945277,Oaxaca,Melrose,Tuzantn,8445,42416,YMWL656372KKJ,13,83188.97,1,6534501353,,,false,false,true,false,true,2021-02-01
7055707031,false,true,true,,Daryl,O'Feeney,Ardron,dardronu@t.co,6083222918,San Luis Potosi,Del Sol,Zaragoza,6983,29375,KVMC876239EPC,,,,,NGHB672915JNNHKYKZ,38408,false,false,false,false,false,
2669740263,true,false,true,9203485981,Shaine,Padefield,Laverty,slavertyv@shutterfly.com,5590155736,Queretaro,Hovde,Francisco Len,9637,15511,VPLX542568VJD,92,36233.55,30,8305444889,,,true,false,false,true,true,2018-09-07
9769656351,true,false,true,3170212556,Gloriana,Dinley,Apfler,gapflerw@g.co,9464367277,Aguascalientes,Merry,Silacayopam,173,03048,ERBC755728MAE,43,27576.79,30,3676236193,,,true,false,false,false,false,2019-09-23
4954683735,false,true,false,,Jonathan,Korda,Jandl,jjandlx@delicious.com,8144810473,Guanajuato,Dorton,San Simn Zahuatln,633,30725,TEXK540575QYL,,,,,QLAI305365MFZXSFZE,31096,false,false,false,false,false,
5686594441,false,true,false,,Samantha,March,Dy,sdyy@ft.com,0103440619,Coahuila de Zaragoza,Havey,Anhuac,28,43250,VMEA764620BCL,,,,,TDKB954807JCHXUPAD,1974,false,false,false,false,false,
4853534599,false,true,true,,Padraic,Gooderidge,Klausewitz,pklausewitzz@cornell.edu,5521920781,Sonora,Coleman,General Canuto A. Neri,97820,40838,PSAD997889UKD,,,,,ZTPP028731ZCKJDQZO,15082,false,false,false,false,false,
0611449146,false,false,true,,Griffie,Reape,Anderer,ganderer10@t-online.de,4604261377,Campeche,Southridge,Escuinapa,44492,04934,RYSZ512130ZON,,,,,,,false,false,false,false,false,
5525389907,false,true,true,,Caesar,Spelling,Chapelhow,cchapelhow11@bizjournals.com,5779679576,Yucatan,Golf Course,La Libertad,3984,10025,WZJB627053VMM,,,,,JZNR159178SIYUEJGF,14334,false,false,false,false,false,
6611469620,true,true,true,6286302982,Bobine,Reedshaw,Crowch,bcrowch12@mlb.com,1655371581,Baja California Sur,Mccormick,Venustiano Carranza,9,68675,ZHKV460935CAW,75,71661.43,10,2988952869,JBMO783644AOYDAGZX,45268,false,false,false,false,true,2018-06-28
9625266822,true,false,false,9480983189,Zelda,Isacq,Buckthorp,zbuckthorp13@microsoft.com,3654106370,México,Parkside,San Pedro Ixtlahuaca,5,17569,NVEO872794ARQ,31,36767.32,5,6445419642,,,false,true,false,false,false,2019-12-24
2679837720,true,false,false,7081447580,Kathleen,Bartke,Riepl,kriepl14@google.it,9335273094,Sinaloa,Columbus,Ixpantepec Nieves,215,02913,QUIW916478DER,46,16906.4,20,4312975146,,,false,true,true,true,true,2020-11-02
1841962890,false,true,true,,Sadie,Ligoe,Dearn,sdearn15@amazon.de,8123850860,Tabasco,Green,Eloxochitln de Flores Magn,0785,67944,ADFH327857SEN,,,,,WXBP219758WFEHVQMS,33031,false,false,false,false,false,
9968579265,true,false,true,4987219328,Elysee,Jodlowski,Tetther,etetther16@bigcartel.com,0991640359,Baja California,Arizona,Ayotln,2,93618,ALTF341480WIM,51,79777.23,1,4192902151,,,false,true,true,false,true,2022-02-19
8155724838,false,true,false,,Clyde,Bourne,Blabber,cblabber17@globo.com,9315551328,Durango,Meadow Valley,Chocamn,2308,17971,HIUM424009USS,,,,,VFAB608264OFQMDCSX,36572,false,false,false,false,false,
9060297274,false,false,true,,Natale,Syversen,Warde,nwarde18@symantec.com,7003063215,México,Thompson,Reynosa,5360,06134,GKGK481943SKZ,,,,,,,false,false,false,false,false,
1648288540,false,false,false,,Hedwig,Giercke,Atto,hatto19@goo.gl,9823525335,Oaxaca,Logan,San Cristbal de las Casas,808,83927,UPMO489199UYT,,,,,,,false,false,false,false,false,
9770279408,true,false,false,8181560852,Ally,Voce,Girauld,agirauld1a@livejournal.com,9103994306,Jalisco,La Follette,Santa Mara Sola,2447,33463,ECZY278458PJJ,100,48027.35,17,4674530257,,,false,true,false,false,true,2020-03-22
5918667099,false,false,false,,Dickie,Counter,Cregan,dcregan1b@bing.com,2766358059,Queretaro,Monterey,Tianguistenco,419,11665,AZIC364269HTC,,,,,,,false,false,false,false,false,
9904432753,false,true,true,,Boycie,Odegaard,Kiffe,bkiffe1c@moonfruit.com,4014480793,Guerrero,Florence,Xiutetelco,18,65670,BAYX061468YKS,,,,,KSQR926601RGTHOPGI,22817,false,false,false,false,false,
4049744431,false,false,true,,Kahlil,Woofenden,Buessen,kbuessen1d@spotify.com,3883653941,Ciudad de México,Dunning,Huiramba,330,68961,RGYX734254NOY,,,,,,,false,false,false,false,false,
1713933127,false,true,false,,Bellina,Tompkiss,Roddick,broddick1e@squarespace.com,4445135292,Campeche,Sachs,Crdenas,243,89516,WQVY868492KZM,,,,,DCTS027537WYHBBZSI,28573,false,false,false,false,false,
4921704866,false,false,true,,Garrick,Ivain,Ewols,gewols1f@photobucket.com,0560417973,Nuevo Leon,Loftsgordon,Milpa Alta,643,38115,LTRG213120PXI,,,,,,,false,false,false,false,false,
8911258812,true,false,true,3099686809,Belita,Brachell,Eddolls,beddolls1g@slate.com,5849165841,Veracruz de Ignacio de la Llave,Old Shore,San Juan Chilateca,64856,64662,UKKD856547YVC,14,46034.41,4,8514071568,,,true,false,false,false,false,2020-10-18
6935275585,true,false,true,1868638366,Smitty,Deners,Wurst,swurst1h@hibu.com,2469974504,Oaxaca,Graedel,San Julin,00,97167,SLOM595927XOI,66,14324.04,17,9242147301,,,false,true,false,false,true,2018-03-03
4199776163,true,true,false,0024300376,Tabbie,Gronno,Luscombe,tluscombe1i@dropbox.com,7524371967,Aguascalientes,Sommers,Atzitzintla,5,20675,VFCI923631KZE,80,78455.23,5,8249585533,SIQO437001APJJJTAN,40458,false,false,true,false,false,2018-07-10
8065477932,true,true,true,3856309904,Markus,Heinle,Cleobury,mcleobury1j@purevolume.com,3290322056,Michoacán,Mariners Cove,Tlanepantla,9590,22859,RZFI817165QNR,41,35761.09,29,0364464572,MCDX168106TENIKMZB,40220,true,true,false,false,false,2020-02-13
4284753104,true,true,true,8563949760,Wynne,Caslane,Navarijo,wnavarijo1k@blogs.com,4842793256,México,Dottie,La Huacana,40,99671,DVIT795259OIY,22,86269.57,25,0461367448,ZJQQ916144YJSIBNXV,12328,true,true,true,false,true,2018-08-25
2261977752,true,false,true,6936678912,Norean,Willshear,Massel,nmassel1l@artisteer.com,2292892740,Chiapas,Ridgeway,Santiago Tamazola,687,29239,NBWM712492VTK,18,58397.0,25,9056211447,,,false,true,true,false,true,2018-01-08
3004599448,true,false,false,7599290315,Sybila,Croy,Turvey,sturvey1m@liveinternet.ru,9043769348,Zacatecas,Buhler,San Juan Atepec,6273,98751,AGHL540541AIF,78,3035.16,28,3728677753,,,true,true,true,true,true,2021-08-27
1360440906,true,false,true,2910224639,Rosaline,Garner,Skunes,rskunes1n@photobucket.com,0297898133,México,Haas,La Misin,0,57779,RQLY362694ZWH,23,79896.47,40,6406395840,,,false,false,false,true,true,2019-09-26
2305944553,true,true,false,5611059489,Brendon,Doolan,Brosi,bbrosi1o@vkontakte.ru,0772320137,San Luis Potosi,Barby,Ajuchitln del Progreso,72709,31537,NWFT915681DTX,7,52823.91,18,3878245454,POVN317642RXRFFWQY,13515,true,true,true,true,true,2021-02-13
5709938959,false,false,false,,Findley,Boxell,Jurczyk,fjurczyk1p@123-reg.co.uk,2065800088,Tlaxcala,Gateway,Rosario,6,14125,VMZW937919FBZ,,,,,,,false,false,false,false,false,
8131402920,false,true,true,,Barb,MacKellen,Treuge,btreuge1q@weibo.com,8655371516,Morelos,Banding,Xaltocan,765,82810,CCRK503560WOX,,,,,EOKH049310KFOUVLAB,33033,false,false,false,false,false,
5579040262,true,true,false,8546414468,Ediva,Clout,Brunstan,ebrunstan1r@ocn.ne.jp,9111133746,Morelos,Fuller,San Miguel Piedras,61078,79486,BFYF004042HFJ,42,18968.24,9,4981128769,LUVZ885376CGOKZCNP,27219,true,true,true,false,false,2020-11-10
9617377086,true,false,true,5611059489,Clifford,Augar,Dell Casa,cdellcasa1s@fda.gov,8987327505,Colima,Rockefeller,Zumpahuacn,3039,68133,VSXE753482HNF,55,65069.51,5,7785478794,,,true,true,false,false,false,2021-07-25
7489794106,false,true,true,,Elka,Stanyon,Nansom,enansom1t@hao123.com,1510195192,Quintana Roo,Kedzie,Tataltepec de Valds,7789,56445,DWOZ213407SNT,,,,,ZUDJ571988VCLQUEPQ,38585,false,false,false,false,false,
3515360344,false,false,false,,Neel,Plowright,Kleinber,nkleinber1u@salon.com,7860494872,Tlaxcala,Green Ridge,San Juan del Ro,5665,22250,EVPJ156181QIG,,,,,,,false,false,false,false,false,
4263287800,false,true,true,,Kym,Wheelband,Purchon,kpurchon1v@github.com,3946118396,Queretaro,Roxbury,San Juan Bautista Suchitepec,70,43511,DQNX698956YPI,,,,,WUVM164298TPSXZSZY,34686,false,false,false,false,false,
9795006736,true,false,false,5258258542,Mariejeanne,Gunnell,Fassum,mfassum1w@360.cn,8019961414,Guanajuato,Welch,San Miguel Mixtepec,649,82723,SRIX558101SXW,34,51510.57,28,5658889310,,,false,true,false,false,false,2018-12-21
8464147131,false,true,true,,Tara,Gregoriou,Hauck,thauck1x@parallels.com,3709078592,San Luis Potosi,Grasskamp,San Pedro Tapanatepec,54,39467,FZAL657687VDI,,,,,AIQE721481ZLGBXRIB,41215,false,false,false,false,false,
1819451701,true,false,true,0969009840,Torr,Grigoletti,Littlepage,tlittlepage1y@goo.gl,0889403475,Veracruz de Ignacio de la Llave,Canary,Quechultenango,335,37331,TOSN000517SYM,97,29233.54,1,9156083283,,,true,false,true,false,true,2020-08-31
9362053005,true,false,false,5931015174,Orsola,Pioli,Rawsen,orawsen1z@paypal.com,2749925341,San Luis Potosi,Merchant,Santa Catalina Quier,3422,76757,DMXD294712LSA,87,24932.21,31,1317684495,,,false,true,false,true,true,2018-02-18
9124372689,false,true,false,,Brittan,Macilhench,MacPeice,bmacpeice20@telegraph.co.uk,8625130341,Baja California Sur,Huxley,Santiago Xiacu,18163,85555,TFAI853318DHH,,,,,PIKI090248IXZIGQQK,37213,false,false,false,false,false,
2904319393,true,true,true,1985044157,Candy,Kliner,McAtamney,cmcatamney21@illinois.edu,1822835306,Oaxaca,Doe Crossing,Tetecala,4,97168,YHQJ226855KHL,2,13418.38,36,0970061932,IRLM258906OSZSZELA,19810,false,false,true,false,true,2019-12-19
5366809534,false,false,true,,Gloriana,Oehm,Boyn,gboyn22@ucsd.edu,7282845083,Coahuila de Zaragoza,Warbler,Coyame del Sotol,5521,75579,PCKE156794DRK,,,,,,,false,false,false,false,false,
1985335434,false,false,true,,Cynthy,Vogeller,Douty,cdouty23@studiopress.com,6046400378,Yucatan,Loeprich,Cadereyta Jimnez,54,50359,ZYWB994921NSZ,,,,,,,false,false,false,false,false,
2090377515,true,true,true,0636311349,Neale,Iapico,Caillou,ncaillou24@ucla.edu,1322709726,Michoacán,Sachs,Santiago Matatln,28,98823,XIZB828185IFQ,67,9022.42,31,6697561930,OHBM046545AEELTUZH,15299,true,true,true,true,false,2021-02-06
1360439518,true,true,true,8563949760,Fredra,Peirazzi,Savil,fsavil25@wisc.edu,8505256830,Chiapas,Garrison,Villa Hidalgo,24,09568,CIXK223940FBF,60,7210.38,7,0243060363,VXHF216169PNMBJDRJ,36604,true,false,true,true,false,2019-10-01
3714859906,false,false,false,,Dave,Darkott,Dabney,ddabney26@cargocollective.com,6533662798,Guerrero,Blackbird,Tecomatln,343,36146,PQGF338052CWS,,,,,,,false,false,false,false,false,
3925971380,false,true,false,,Denney,Camplen,Oolahan,doolahan27@facebook.com,4544513343,Oaxaca,Kenwood,Alcozauca de Guerrero,7626,55278,GQVH355801CXL,,,,,TWWU126991XPSRDBCR,18494,false,false,false,false,false,
1895109845,true,true,false,3340417935,Alex,Dalliston,Hansen,ahansen28@nytimes.com,9070078613,Baja California,Pawling,Chiln,174,09261,KFKT187979LXB,26,82891.96,28,8069179761,TFTY986527MFZHNNVJ,22901,false,false,false,true,true,2021-03-27
1540233358,true,true,false,9871349695,Filia,Trivett,Laxson,flaxson29@reverbnation.com,5232303375,Chihuahua,Rutledge,Autln de Navarro,45,71901,VOEP422047BBQ,5,90053.44,23,8921326339,GVHB042700JCNVYJGY,25868,true,false,true,false,false,2021-11-16
8344786324,true,false,false,3628296783,Marian,Powers,Pedrozzi,mpedrozzi2a@quantcast.com,6627409339,Nuevo Leon,Forest Run,Atotonilco el Alto,0,84787,GBTI151265OQP,20,64194.23,30,7708966990,,,false,false,true,false,true,2022-05-27
5682280513,true,true,false,9639618522,Calli,Holgan,Fishbie,cfishbie2b@yahoo.co.jp,0915113251,Hidalgo,Roxbury,Charcas,09,27203,KMLQ620179NRZ,70,40337.65,9,0058828733,ANOA594550PSFTMKWI,45462,false,true,true,true,false,2019-07-09
5036031688,false,false,false,,Herculie,Nurse,Scanterbury,hscanterbury2c@senate.gov,9469586415,Michoacán,Buell,Iztapalapa,9,19103,DVYS421972COP,,,,,,,false,false,false,false,false,
4511377174,false,true,true,,Filberto,Masson,Blofeld,fblofeld2d@last.fm,8358686524,Nayarit,Dakota,Santa Catarina Ticu,382,80556,SOSC249804OMY,,,,,IPNQ914913RGCKKVVQ,49940,false,false,false,false,false,
8226214329,true,true,true,9974218067,Melosa,Gillman,Bingle,mbingle2e@upenn.edu,6326156002,Oaxaca,Hintze,Sunuapa,20589,07513,MZIH768252TCB,51,15703.22,40,7345915677,KBHD087918JXOEAGIH,13475,false,false,true,true,false,2019-07-11
0790523475,false,true,true,,Archibaldo,Drust,Fricke,africke2f@oracle.com,0239996837,Tabasco,Troy,Santa Mara Ppalo,57,17761,XSIM919442RLE,,,,,XIVB939753YHBSFQKU,2401,false,false,false,false,false,
5975971605,true,true,true,3247416465,Ricca,Vevers,Peet,rpeet2g@usatoday.com,3840050487,Ciudad de México,Fair Oaks,San Juan Juquila Vijanos,9,29071,NWUT342901GMT,87,76509.72,8,0922245173,RYKE095231WVODOHRP,5330,false,true,false,false,false,2019-08-10
4403158942,false,false,true,,Marcela,Yeomans,Bartkowiak,mbartkowiak2h@paypal.com,0157248889,Baja California,Saint Paul,San Antonio Nanahuatpam,950,53380,EAYW072799UJI,,,,,,,false,false,false,false,false,
6533511217,false,true,false,,Phil,Gebb,McCoole,pmccoole2i@cargocollective.com,0565348218,Tlaxcala,Westport,Villa Comaltitln,49368,34509,MTAL725254MWZ,,,,,MPQV450425PLASDDBV,24562,false,false,false,false,false,
5196244432,true,true,true,8546414468,Nappie,Tomasino,Isaac,nisaac2j@last.fm,7271505858,Campeche,Hanson,Polotitln,11,38379,UKIO860934QKK,63,13500.08,29,6278786276,EHSA899467YQREYOBO,8993,false,false,true,true,false,2018-08-14
4990640057,false,true,false,,Winny,Fynn,Chansonnau,wchansonnau2k@miibeian.gov.cn,1020620026,Tabasco,Golf Course,San Francisco Tlapancingo,8,08966,LPIJ701702IKA,,,,,YWOB015678QXBYODEB,21156,false,false,false,false,false,
3632802839,true,false,true,9974218067,Fons,Fleeman,Leijs,fleijs2l@amazon.co.jp,9748218669,Tamaulipas,Judy,Yehualtepec,4,64114,IHAU112020MQR,59,95577.14,25,2942972352,,,false,false,false,false,true,2019-07-26
7812901983,true,true,true,2893177572,Nyssa,Greenfield,Sturt,nsturt2m@eepurl.com,0162690249,Guanajuato,Hauk,Sayula de Alemn,81,89597,LIWV603899GJH,84,52326.42,5,7834744737,HZYA009413DMDWOKCL,26158,true,true,false,true,false,2021-10-22
4636980244,false,false,false,,Corilla,Snugg,Brinson,cbrinson2n@latimes.com,3957489192,Tlaxcala,Old Gate,Malinalco,20107,72530,UTPG904388FFX,,,,,,,false,false,false,false,false,
2978051601,true,false,true,2400100018,Abbe,Bucknall,Kenright,akenright2o@pen.io,6960650538,Campeche,Chinook,Tecali de Herrera,5752,79328,TWEU008316AOL,84,5511.64,5,3677730722,,,false,true,false,false,false,2018-10-17
7808150879,false,true,true,,Fons,Covill,Vernay,fvernay2p@usgs.gov,5938629180,Colima,Holy Cross,Tapalapa,143,19320,UXTG364496URC,,,,,BDOS936284AKWKJAUU,19265,false,false,false,false,false,
0770926685,false,true,false,,Addi,Giacobini,Hercules,ahercules2q@narod.ru,8109958623,Veracruz de Ignacio de la Llave,Warbler,Santa Catarina Ixtepeji,43,24821,OBLF419192XSZ,,,,,VMLN243715BGHNBNTA,43194,false,false,false,false,false,
5099047611,true,true,true,9083676154,Pearce,Neiland,Ennals,pennals2r@webs.com,1128920398,Nayarit,Claremont,Tekax,7,14293,ITZR498265TPK,77,42462.38,15,6674775371,IAUW834645FVXTZCJQ,9686,true,true,false,true,true,2018-07-10
1026603111,true,false,true,9902649605,Suzy,Charnley,Norwich,snorwich2s@quantcast.com,9870590267,Puebla,Dahle,Santa Cruz Mixtepec,30,71113,JJZG210763KDG,39,29336.76,14,3191157509,,,true,false,false,false,false,2021-12-27
9420065697,true,false,false,3340417935,Bennett,Dietz,Bradock,bbradock2t@ehow.com,6971922739,Oaxaca,Scofield,Santo Domingo Tepuxtepec,36599,86427,XCIZ148214DPH,12,87678.58,4,0147641932,,,true,false,true,false,false,2021-06-14
1982826289,false,true,true,,Jolyn,McCaughey,Stickel,jstickel2u@weibo.com,9234726412,Tlaxcala,Fulton,Alpoyeca,0130,74413,YJIC685138JBB,,,,,TEOT217940PNFLUZAE,20424,false,false,false,false,false,
0317066168,true,true,true,3199104599,Bud,Eckart,Chivrall,bchivrall2v@ted.com,0483970413,Baja California,Hintze,Pahuatln,074,11739,SVYY014305RZO,99,20644.69,16,9323372920,USPV365477RXMGYUEQ,32190,false,false,true,false,false,2018-07-12
6216334768,false,false,true,,Sissy,Rodinger,Fritschmann,sfritschmann2w@ca.gov,9755431065,Hidalgo,Superior,Cojumatln de Rgules,578,75949,RSFE553993RFS,,,,,,,false,false,false,false,false,
4535694681,true,true,true,6300724362,Elissa,Gecks,Chaplyn,echaplyn2x@fema.gov,8061146677,Tamaulipas,Ramsey,San Andrs Sinaxtla,28041,50509,GGRC607949MUM,35,51894.5,14,1547678671,KZKD524421FQCQCYXH,29894,true,false,true,true,false,2019-01-29
2072125457,false,false,true,,Bryana,MacKaile,Bloxsome,bbloxsome2y@1688.com,0428937946,Baja California,Warner,Tianguismanalco,38826,63296,UWNN298774RJQ,,,,,,,false,false,false,false,false,
9435837047,true,true,false,1993519567,Charlene,Castaignet,Potier,cpotier2z@mashable.com,7180581730,Zacatecas,Pawling,Pichucalco,24714,17825,ZQAQ713902AEO,71,51712.93,6,5524455565,SHZX260668PMIQFAOK,31586,true,true,false,false,false,2018-03-15
0430044046,false,true,false,,Grace,Sparshatt,Lazare,glazare30@usgs.gov,7211475034,Campeche,Manitowish,San Agustn Amatengo,930,36994,CFUP697395PWJ,,,,,PYYT644104XEXLUIRA,9096,false,false,false,false,false,
5274510639,false,false,false,,Rubie,Scrancher,Bluck,rbluck31@netlog.com,7385028348,Tamaulipas,Becker,Miahuatln de Porfirio Daz,895,36483,QHQI767848IWV,,,,,,,false,false,false,false,false,
7493248726,true,true,false,3575150287,Pippy,Coad,Hugin,phugin32@geocities.com,1680232390,Durango,Grim,Magdalena Ocotln,3925,44146,VGLZ951853AFB,72,57876.39,33,9797688484,LXPE785230IUCYMBLU,12398,true,true,false,false,false,2019-02-14
2001345257,true,true,true,2222748404,Ferrel,Awmack,Moorhead,fmoorhead33@photobucket.com,6443914229,Ciudad de México,Westerfield,Santa Mara Tecomavaca,992,22675,TGFM927759XWE,41,19491.84,21,5052826052,QLFN564853QVWQMHPJ,43282,false,true,false,true,true,2020-10-16
0089859717,true,true,false,0969009840,Indira,Espada,Fishlee,ifishlee34@mit.edu,1336152933,San Luis Potosi,Kingsford,Cuautla,0,84832,FUMH132892HXK,30,73198.08,31,8756054269,IRFK294738OXNPFWTY,44059,true,false,true,false,true,2021-06-28
1519331946,false,true,true,,Jodee,Philpin,Inde,jinde35@mediafire.com,5487029093,Guanajuato,Tomscot,Zacatln,0153,66194,XNUM604212VBR,,,,,UUDK042639XDVFITFN,42195,false,false,false,false,false,
3600161760,true,true,true,5324731932,Averill,Rampling,De Paepe,adepaepe36@unblog.fr,8734572905,Chihuahua,Melvin,Uc,3,25376,EXDX896159KLK,37,3086.64,16,7642200598,FEXA068141CNFPSBXT,45803,false,false,false,true,false,2021-10-20
3327640529,false,false,false,,Isacco,Whorlow,Leport,ileport37@de.vu,9235393939,Aguascalientes,Sage,Santiago Tetepec,131,02174,ODCF335052HXI,,,,,,,false,false,false,false,false,
9948274677,true,false,true,3105812752,Cobbie,Petracco,Crimmins,ccrimmins38@go.com,8337879122,Coahuila de Zaragoza,Stuart,Chichiquila,08,34245,WBTN523830GQJ,33,34688.23,32,6131278640,,,false,false,true,false,false,2019-11-12
5912515854,false,false,true,,Bruis,Jancy,Cars,bcars39@usnews.com,6655034059,Guerrero,Acker,Jimnez,15,50761,VCRM200192KDT,,,,,,,false,false,false,false,false,
6452993458,true,true,true,3693227322,Erhard,Dobbison,Gerty,egerty3a@cocolog-nifty.com,4190210911,Aguascalientes,Loomis,Galeana,48874,65472,ADLT696832YON,70,20462.67,7,9943481956,QTVX390388PDAOOUXB,39128,true,false,false,false,true,2019-02-26
2237167889,false,true,true,,Gabriel,McAtamney,Chrippes,gchrippes3b@scientificamerican.com,3145165391,Hidalgo,Debs,San Juan Petlapa,02,59514,KPZO648909EAQ,,,,,BSXB771076LNXGXOVQ,45204,false,false,false,false,false,
4336199507,true,true,false,8849157252,Hadlee,McAnulty,Letessier,hletessier3c@alexa.com,6444999366,Campeche,Huxley,Santiago Amoltepec,5,05947,CRYK422547LFX,74,76273.98,38,6309573636,CMPB054110DUNPVYBG,2934,true,true,false,true,true,2019-06-13
0389450281,true,true,false,9083676154,Blakelee,Whiffin,Rose,brose3d@sbwire.com,5493756815,Puebla,Kings,Chern,79,79326,MPOI848861SEP,52,64635.07,16,3907682588,VMZA737040UKXFRNIV,29744,false,false,false,false,false,2020-11-14
4322192418,true,true,false,4684867942,Dianemarie,Rozenzweig,Brea,dbrea3e@mail.ru,5823699856,Zacatecas,Butternut,Trinidad Zaachila,013,96304,JYKP679741EFY,22,7780.6,1,9285986289,MYEN708375FODHTJYT,44183,true,true,true,true,false,2021-10-15
4649430798,false,false,true,,Cristiano,Spitaro,Sygroves,csygroves3f@ihg.com,1298601529,San Luis Potosi,Hauk,Melchor Ocampo,7614,40652,LKYW144395VOC,,,,,,,false,false,false,false,false,
2181256089,true,false,false,1190223745,Cyndy,Brandacci,Sexon,csexon3g@marriott.com,1497573001,Colima,Bluestem,Teopantln,8784,50636,HWYZ309216XIC,60,25335.62,3,9916389860,,,false,false,true,false,false,2019-03-02
7443380397,true,true,true,7605787246,Drusilla,Lionel,Corgenvin,dcorgenvin3h@slashdot.org,5076621131,Ciudad de México,Warbler,Teotlalco,48835,11482,YONA679425JMW,96,46071.11,35,0773099759,MJTL884014ZDEPGOBU,2944,false,false,false,false,false,2018-11-19
3779789958,false,true,true,,Tillie,Muldownie,Themann,tthemann3i@smugmug.com,1152376632,Oaxaca,Nobel,San Jernimo Sosola,44,97406,XKNJ419147ZGF,,,,,BNCX358050EJYEYDHM,8080,false,false,false,false,false,
0263502618,true,true,false,6308665681,Bruno,Imore,Choffin,bchoffin3j@gov.uk,6337430993,Nayarit,Darwin,Tepecoacuilco de Trujano,52,77968,COCS959623AYT,41,80549.56,4,7400602924,BOZJ818077BXCZVUEH,341,true,true,false,true,false,2021-01-30
2898922803,false,false,true,,Seka,Wetton,Pollock,spollock3k@hc360.com,2681106432,Jalisco,Lakewood,Texcoco,4,91773,EBOS475294YCF,,,,,,,false,false,false,false,false,
0361692480,false,true,true,,Dun,McLelland,Peschmann,dpeschmann3l@fastcompany.com,6294690766,México,Kinsman,Cuautinchn,28,98454,NQJW918138ZTZ,,,,,CUIL322969MIDAEIOP,7354,false,false,false,false,false,
9713347057,true,false,false,3247416465,Carissa,Clavey,Terron,cterron3m@techcrunch.com,2042297676,Guanajuato,Gina,Ixtaczoquitln,57756,69415,RRUE885337AVZ,11,35110.8,14,3249578350,,,true,true,true,true,true,2018-07-13
4992115234,true,false,true,0969009840,Cornelle,Bindon,Kirrens,ckirrens3n@loc.gov,4234035152,Campeche,Sundown,Tlalnepantla de Baz,65,21109,IPLE805759XUW,53,58283.0,39,7174888541,,,true,false,true,true,true,2021-11-07
2963956836,true,true,true,7739948965,Zabrina,Wakeley,Urwin,zurwin3o@cargocollective.com,9967467675,San Luis Potosi,Towne,Tlapanal,91521,05917,EQMW934903SGV,12,90768.69,32,2630016491,EHEL670811AHIFHLIS,35346,true,false,false,true,false,2020-02-22
8540079398,false,false,false,,Radcliffe,Wiffill,Blainey,rblainey3p@nbcnews.com,5572962760,Tabasco,Namekagon,Puerto Vallarta,49252,91369,WMYI575482PVB,,,,,,,false,false,false,false,false,
1630148845,false,false,true,,Brittan,Miles,Glazyer,bglazyer3q@si.edu,9180320470,Ciudad de México,Moulton,Peribn,21,35104,SUJM387055JGJ,,,,,,,false,false,false,false,false,
7678826123,true,false,false,6229345492,Cart,Hayland,Brinkler,cbrinkler3r@ustream.tv,0135492075,Michoacán,Shoshone,Teloloapan,7020,82411,YGED273910FON,63,9240.46,10,2538479853,,,false,false,true,true,true,2018-10-14
5936199493,false,true,false,,Vasily,Garlee,Muckleston,vmuckleston3s@cisco.com,9561304634,Coahuila de Zaragoza,Bonner,Camarn de Tejeda,6,62840,JZDC435976QUJ,,,,,VNAT368034PIVWZLLT,47510,false,false,false,false,false,
0859577501,true,true,true,5598754744,Derby,Begent,Farncombe,dfarncombe3t@google.nl,1290068708,Nayarit,Colorado,San Miguel Tlacotepec,4,01630,QSYT940063HSG,40,80239.3,5,6436698804,LPMA651341LBFQTOBN,10906,false,false,false,true,true,2020-01-27
5208743413,false,true,true,,Kirk,Vise,Dewane,kdewane3u@webnode.com,4927056802,Tabasco,Superior,San Martn Tilcajete,35308,91363,FCHG089166QLQ,,,,,NJWP189703TUEMWWCV,18582,false,false,false,false,false,
9704793735,false,true,true,,Kenny,Granleese,Matantsev,kmatantsev3v@nps.gov,2071919111,Ciudad de México,Manley,General Pnfilo Natera,068,26303,UTBV188021JAV,,,,,TLDR631460UJHTUVGO,47097,false,false,false,false,false,
3344604514,true,false,false,9203485981,Eunice,Mitchel,Courcey,ecourcey3w@infoseek.co.jp,9318657383,Ciudad de México,Roxbury,San Buenaventura,2,50498,RWYW351345HQS,26,60632.7,29,9146711809,,,true,false,false,true,true,2020-08-20
4197988907,false,false,true,,Filippa,Bach,Sheridan,fsheridan3x@youtu.be,4369662442,Veracruz de Ignacio de la Llave,Clemons,Ahualulco,79934,71553,CMAF462591XBI,,,,,,,false,false,false,false,false,
3241981965,true,false,true,6300724362,Teressa,Diviney,People,tpeople3y@clickbank.net,6114864038,Baja California Sur,Chinook,Tlalnepantla,541,93456,GZLI256061WYT,15,19001.9,18,1900506748,,,false,false,false,true,false,2021-12-15
5053860298,true,false,false,3856309904,Rad,McAmish,Filon,rfilon3z@furl.net,7920665322,Sonora,Hazelcrest,Santa Catarina Quian,61,82638,RQFF768814HFV,37,55392.85,13,4813013574,,,true,false,true,false,false,2021-12-10
9467139113,false,false,false,,Corabelle,Duchatel,Ledeker,cledeker40@blogspot.com,3574195581,Michoacán,Birchwood,Mecatln,13367,86752,EMKB384026JTM,,,,,,,false,false,false,false,false,
5277893130,true,true,false,7701967500,Adel,Celez,Cruwys,acruwys41@china.com.cn,2350603572,Queretaro,Veith,Opodepe,7046,22487,WGHS756063XEL,88,99776.39,26,5061353863,RLGC969795YRVVJSUU,3013,false,false,false,true,true,2020-08-29
3266169129,false,false,true,,Liesa,Pallister,Axe,laxe42@usnews.com,8454645546,Campeche,Eggendart,Cuichapa,547,54152,FHSK129928GUK,,,,,,,false,false,false,false,false,
1968274558,false,false,true,,Elihu,Rooper,Cowin,ecowin43@4shared.com,2215577489,Yucatan,Huxley,Tonila,5647,26463,UXOG735823UVK,,,,,,,false,false,false,false,false,
8988114759,true,false,true,5795416030,Zach,Audrey,Vasilkov,zvasilkov44@phoca.cz,7741610639,Tamaulipas,West,Huautla,74002,79918,YWWK634361TRM,30,41633.49,16,8176524066,,,true,false,false,true,false,2021-06-29
1600605085,true,true,true,5911343403,Ania,Baron,Dibdale,adibdale45@miibeian.gov.cn,1779032255,Oaxaca,Maryland,Allende,76023,80267,LABC575914TAR,95,80132.02,13,4975762256,OUIR410729HXFNOGFB,16668,true,false,true,false,true,2021-10-05
8879203287,true,false,false,3475538002,Mallorie,Speerman,Pawel,mpawel46@amazon.co.uk,5630093710,Zacatecas,Twin Pines,Tlazazalca,55249,70065,LTFR006877PKX,49,41200.06,1,8382751871,,,false,false,true,false,false,2020-02-20
4474238046,true,false,false,9480983189,Clarinda,Athersmith,Abys,cabys47@netscape.com,4731990377,Michoacán,Nobel,Papalotla de Xicohtncatl,4,37384,TMPX711019CVX,38,9579.68,8,1017643279,,,false,false,false,true,true,2021-12-02
0732357583,true,false,false,9083676154,Lilas,Betjes,Jandera,ljandera48@cpanel.net,7822732204,Tamaulipas,Manley,Tepeyahualco de Cuauhtmoc,6,45485,BAJW665287FQL,78,79858.68,38,7534139960,,,true,true,true,true,true,2021-08-21
7104153278,true,false,false,7402489111,Dede,Pender,Braidley,dbraidley49@china.com.cn,3989061721,Puebla,Onsgard,Xalisco,0,92489,YVHU828917PJF,18,15794.66,16,8926438085,,,false,false,false,false,true,2018-01-16
4038903146,true,false,true,3693227322,Abigael,Melsom,Greswell,agreswell4a@cdbaby.com,2218716697,Morelos,Monument,Ascensin,4,01063,RIZQ359678BOZ,58,91193.88,21,8160380816,,,false,false,false,true,true,2018-04-14
8160240655,true,true,false,5637306674,Olly,Melby,Aylmer,oaylmer4b@nationalgeographic.com,1593928689,Durango,Ridgeview,Jonotla,01745,15928,PJBF072004AFM,11,44334.79,23,3983716966,TUWE143071DUJXTTAE,22114,true,true,false,false,true,2020-10-08
1816392415,false,true,true,,Georgianna,Vanner,Davenhall,gdavenhall4c@howstuffworks.com,9474092783,Guerrero,Ryan,Guadalupe Etla,4,16810,HTJJ391322JXI,,,,,NVKT593991TGEZXFYW,35604,false,false,false,false,false,
6364270419,true,false,true,6682277867,Thacher,Lambdean,McNee,tmcnee4d@shop-pro.jp,8970593631,Quintana Roo,Pleasure,Santa Catarina Tlaltempan,85246,10843,RFHF748733HIE,54,73057.94,40,7944591837,,,true,true,true,true,false,2018-07-14
4398350675,false,false,false,,George,Konmann,Jordison,gjordison4e@yandex.ru,5253661317,Ciudad de México,Melrose,Doctor Gonzlez,959,64715,VMXO615135ELO,,,,,,,false,false,false,false,false,
6504146957,true,false,true,6210563128,Phyllida,Pietruschka,Malden,pmalden4f@vistaprint.com,9345067198,Morelos,Scott,San Juan Yucuita,4473,90172,QAEW895606LFW,31,3164.46,19,4367355292,,,true,true,false,false,false,2019-04-26
8194988779,false,false,false,,Kizzie,Issard,Ilett,kilett4g@nhs.uk,0034324901,Sinaloa,Dennis,Ciudad Ixtepec,36368,46702,EQRG322671OJM,,,,,,,false,false,false,false,false,
2359755788,true,true,false,0969009840,Pierrette,Undrill,Hunnisett,phunnisett4h@google.de,2720988844,Michoacán,Hovde,Tonaya,65614,61828,FBFI666514SFF,21,15701.84,40,1049283576,KXNJ888159KQXBPIWN,46641,false,false,true,true,false,2018-06-03
2437680503,false,true,true,,Jeremie,Oki,Mc Caughan,jmccaughan4i@scientificamerican.com,2110240698,Durango,Ludington,San Juan Colorado,4147,48893,CQUN829720AWM,,,,,SOEG511911UNGQCIIM,12117,false,false,false,false,false,
8997190451,false,false,true,,Adelaida,Drust,Wilshaw,awilshaw4j@merriam-webster.com,5718942032,Chiapas,Jenifer,Sric,245,37356,ZYJF909239BFA,,,,,,,false,false,false,false,false,
9602216528,true,false,true,1803899569,Wernher,Bunclark,Steers,wsteers4k@simplemachines.org,6123508940,Durango,Spohn,San Juan Lajarcia,07,03568,IMQC835248AHS,30,26039.65,23,2237034044,,,true,false,false,false,false,2021-05-16
4111505148,true,true,true,6229345492,Rebekah,Latore,Moutray Read,rmoutrayread4l@wikia.com,2523570934,Tlaxcala,Thackeray,Montecristo de Guerrero,5,58884,OEVO127259JRV,30,38903.87,10,6241032369,IWDX237161PMZPUCCN,14564,false,false,true,false,false,2018-03-22
7190912463,false,true,false,,Homer,Abbatini,Portingale,hportingale4m@surveymonkey.com,6133606600,Chihuahua,Spenser,Chahuites,46675,30035,BGDR495118NGZ,,,,,JTRF870703SRAWIPSI,8703,false,false,false,false,false,
0329825151,false,true,true,,Kellen,Robarts,Clowney,kclowney4n@bloomberg.com,7669645447,Guanajuato,7th,Santa Mara Nativitas,0,68349,SAWC056955IIG,,,,,HQJG366820ZGCIDYKM,43601,false,false,false,false,false,
8951574021,true,false,true,3575150287,Aili,Gasson,Hebron,ahebron4o@ehow.com,8844183830,Tabasco,Ridgeview,Tarmbaro,9852,31141,TQIO340080IUH,25,78041.96,24,7013504265,,,false,true,true,true,true,2018-07-22
9826239206,false,false,true,,Helene,Mountstephen,Mathieu,hmathieu4p@nih.gov,0112125153,Colima,Kedzie,Chignautla,7,23814,EQIM282638KFJ,,,,,,,false,false,false,false,false,
5560899485,false,false,false,,Cornela,Doree,Nelhams,cnelhams4q@miibeian.gov.cn,4550665674,Sonora,Dryden,Akil,7,53126,AULO302144WKS,,,,,,,false,false,false,false,false,
7282861144,false,true,true,,Hedvige,Legerwood,Laws,hlaws4r@alibaba.com,9552572063,Sinaloa,Dakota,Teotitln de Flores Magn,3326,86112,HMAI644734OPY,,,,,HZZB699492JNWZDURM,6682,false,false,false,false,false,
2064619302,true,false,true,8223794050,Roshelle,Ricardot,Osmon,rosmon4s@dailymail.co.uk,9264885914,Nuevo Leon,Farwell,Zautla,756,67540,RLPK810371MEZ,46,55447.58,14,3696065264,,,false,false,true,true,true,2021-04-17
9404104552,true,true,true,0500968903,Jilly,Chatel,Braghini,jbraghini4t@wufoo.com,6260466082,Quintana Roo,Shelley,Gran Morelos,07152,38742,QQXP306856IHK,72,57813.16,9,7949687829,DBFZ024661QZRVMPFO,44557,true,false,true,false,false,2019-03-16
2970957881,false,true,false,,Etienne,Riccardo,Hartright,ehartright4u@bbc.co.uk,5507066365,Puebla,Morningstar,Ciudad Fernndez,90,58317,YZHE777408RIK,,,,,QIFB084016QVKUSCOC,38285,false,false,false,false,false,
9324630994,false,true,true,,Evonne,Geratt,Philpotts,ephilpotts4v@tinypic.com,6199215477,Guerrero,Michigan,Muoz de Domingo Arenas,05224,79647,GPJS063797JEB,,,,,FTQE583272BPOBVARM,33222,false,false,false,false,false,
1889390120,false,true,true,,Sheridan,Fardy,Ribey,sribey4w@sciencedaily.com,4874277660,Guerrero,Merchant,Benito Jurez,6853,91508,YKSH117237JCP,,,,,JSJP353911DVAWKAHI,49833,false,false,false,false,false,
4943423479,true,false,false,1952282269,Pearla,Nutbeam,Prinnett,pprinnett4x@weather.com,7790878476,Baja California Sur,Golf,Salvatierra,01,26459,FCCN841935YRK,88,80622.42,32,5310322021,,,false,false,false,false,true,2018-09-30
2897541330,true,false,true,6682277867,Marietta,Wrathall,Millbank,mmillbank4y@ed.gov,7846172501,Quintana Roo,Merrick,Villa de Allende,031,99515,MPEJ863605WPM,90,90709.87,36,2842304482,,,true,false,false,true,true,2018-05-13
1374067615,true,true,false,3628296783,Omero,Spaxman,McGlone,omcglone4z@paypal.com,2572177058,Sonora,Clemons,Tlacoapa,65,20257,STPI171432SYC,88,19686.43,24,5344349440,CAVN615896LCJJCYKQ,7492,false,true,false,true,false,2022-04-28
4450805932,true,false,false,8563949760,Cello,Addess,Hentzer,chentzer50@miitbeian.gov.cn,4099734845,Zacatecas,Holy Cross,Santa Ana Yareni,18,81657,JLRX220983CCT,14,82005.99,31,3352196178,,,true,true,false,true,false,2019-12-31
5363349456,true,false,true,3340417935,Carmelita,McTeer,Goforth,cgoforth51@goodreads.com,6693550738,Colima,Melody,Tultepec,63611,95491,WCWF303575NFC,14,50144.12,35,4748352873,,,true,false,false,false,true,2020-01-11
4326672560,false,true,true,,Brenna,O'Halleghane,Ashpole,bashpole52@noaa.gov,2120484737,Nuevo Leon,Leroy,Jerez,8153,18339,KRLP871064TLM,,,,,CIRR045285CQBETHSY,25965,false,false,false,false,false,
4977520674,true,false,true,6936678912,Idell,Ashfold,Mathiasen,imathiasen53@bluehost.com,5231456428,Tamaulipas,Huxley,Jos Mara Morelos,42,23168,WMDG012492NVM,70,15483.45,10,8016377129,,,true,false,true,true,false,2018-12-08
0966675254,true,false,false,9871349695,Ephrem,Baselio,Grzegorzewicz,egrzegorzewicz54@1und1.de,5016253446,Baja California Sur,Harbort,Almoloya,738,68256,MLDY205315VBN,21,25523.17,18,1795967635,,,false,true,true,false,true,2019-11-02
0270385581,true,false,false,0482957497,Carmen,Sabathe,Briiginshaw,cbriiginshaw55@reference.com,1060887854,San Luis Potosi,Pankratz,Ramos Arizpe,98,29101,HDTA047386DIY,86,24905.71,23,1486906362,,,true,true,true,true,true,2021-03-10
9963395855,true,true,true,3199104599,Doria,Diament,Dedney,ddedney56@geocities.com,6171903829,Tlaxcala,Hudson,Valle de Chalco Solidaridad,9031,29318,LWDE895212CXW,20,99630.0,17,3186065432,JDWH111724BDFOCVWK,6518,true,false,false,true,true,2021-06-25
6540181853,false,false,false,,Ahmed,Schuelcke,Meeus,ameeus57@privacy.gov.au,2944458137,Tabasco,Bowman,Rafael Delgado,0175,54932,WPDA063056HGN,,,,,,,false,false,false,false,false,
1504195635,false,false,true,,Ian,Pollen,Speers,ispeers58@seesaa.net,5709493789,Veracruz de Ignacio de la Llave,Brown,Zitlala,180,37900,KFKH363947FJX,,,,,,,false,false,false,false,false,
5312878223,true,false,true,2674166748,Celie,List,Klas,cklas59@nps.gov,7851510168,Puebla,Elka,Villa de Etla,01009,51520,ZSZK086715QNW,73,90112.74,19,2039569967,,,true,false,true,false,false,2020-12-22
8103847467,true,true,false,8181560852,Albertine,Daice,Loving,aloving5a@tripadvisor.com,0882412161,Campeche,Commercial,Hueyotlipan,06284,06812,VTGW034392TDW,11,30057.04,17,2281052479,VHDH983048JXKWGBJO,33808,false,false,true,false,true,2022-04-14
3805224239,false,true,true,,Jaime,Pendered,Flemming,jflemming5b@fc2.com,8133592042,Sonora,Clemons,Ixhuatln del Sureste,73921,22566,ZJFX269573CHZ,,,,,PTSD375258KMYJBQGZ,25625,false,false,false,false,false,
4048060101,false,false,true,,Even,Lay,Beggin,ebeggin5c@amazon.co.jp,3622114274,San Luis Potosi,Ridgeview,Sayula,39,42307,RJLT738620RQJ,,,,,,,false,false,false,false,false,
8544883280,false,true,false,,Evered,Hogben,Regardsoe,eregardsoe5d@yahoo.com,0462042803,Puebla,Northridge,Cabo Corrientes,241,46201,RWHE712169GWB,,,,,OHIO809048MKAREVBK,8851,false,false,false,false,false,
2717995001,false,false,false,,Frasquito,Trickett,Willmont,fwillmont5e@weebly.com,4639230505,Quintana Roo,Warrior,Francisco I. Madero,17556,73896,IWBD808327CUD,,,,,,,false,false,false,false,false,
9440291950,false,true,true,,Kellie,Grindle,Bunney,kbunney5f@loc.gov,5318619151,Chihuahua,Shoshone,Benito Jurez,31803,23467,KYVC058739SOX,,,,,ZKAG816962TCAFYBPI,45250,false,false,false,false,false,
2060847509,false,false,false,,Bernardina,Batchelder,McBride,bmcbride5g@columbia.edu,4443291440,Sonora,Haas,Huazalingo,0887,87096,QAIY691472QKO,,,,,,,false,false,false,false,false,
6177835138,true,false,true,9974218067,Malvin,Lundberg,Sabatini,msabatini5h@surveymonkey.com,6607731846,Chihuahua,Barby,Lagunillas,19990,42144,CPPP344515UIC,87,7441.55,29,7902228057,,,false,false,false,false,true,2018-06-14
7848674710,false,true,false,,Reyna,Reedman,Runciman,rrunciman5i@sbwire.com,6065448118,Puebla,Bartelt,Temax,2446,61745,VABX425168GVK,,,,,RKAO087101VVZKCUWT,25154,false,false,false,false,false,
3241339201,true,false,true,6771050060,Sheelagh,Demougeot,Clowney,sclowney5j@homestead.com,6317236198,Durango,Evergreen,Huaniqueo,48,45989,FSLY765163QGZ,83,90545.15,10,0608379712,,,true,true,true,false,true,2020-06-25
3832026627,false,false,true,,Penelope,Maingot,McGooch,pmcgooch5k@hostgator.com,3076846689,Baja California,Autumn Leaf,Huanmaro,97876,10433,RGML427073LZJ,,,,,,,false,false,false,false,false,
0389140275,false,true,false,,Annmarie,Dumberell,Duetsche,aduetsche5l@uiuc.edu,5058605243,Veracruz de Ignacio de la Llave,Ronald Regan,Santa Cruz de Juventino Rosas,68,25534,MLTL925067AHV,,,,,AIOJ474605AAJOXFEJ,34197,false,false,false,false,false,
9966131850,true,true,false,3199104599,Boyce,Blaylock,Gionettitti,bgionettitti5m@reuters.com,5420858180,Colima,Loftsgordon,Cosautln de Carvajal,899,71721,JAWA117958NTZ,15,77913.12,16,5315545162,EAOA731935UQQZAYQD,10051,true,true,true,true,true,2020-07-09
6312031349,true,true,false,5911343403,Tiphanie,Fosdyke,Treby,ttreby5n@nytimes.com,8159583200,Sinaloa,Colorado,Teziutln,05402,25090,LMGA899637QFW,13,28341.25,27,2498352494,XPCJ435486ZFMVDEJV,32024,false,true,false,false,false,2021-03-10
2658285226,true,true,true,6300724362,Farand,Scrimshaw,Corkitt,fcorkitt5o@examiner.com,8357059669,Tabasco,Maple,El Fuerte,66,34484,BPPU467374ADE,80,40789.83,24,8628920694,IAEM232641WPMCONCR,4716,true,false,true,false,false,2018-08-19
8295194526,true,false,true,6682277867,Jillian,Swire,Cardenas,jcardenas5p@smh.com.au,7200913298,México,Derek,Tulcingo,1236,41722,THDG676626MMB,80,97489.23,17,0982151774,,,false,true,false,true,false,2020-02-29
6148690049,false,true,false,,Guillemette,Rosas,Prier,gprier5q@indiatimes.com,7883466892,Sinaloa,La Follette,Tepexi de Rodrguez,10,00034,NKEC670553UUW,,,,,UTEN244354BZJEUYUQ,803,false,false,false,false,false,
5762667793,false,true,true,,Hynda,Dyball,Vial,hvial5r@theguardian.com,0473725766,Durango,Bultman,Tlapacoya,891,31679,RVHD437616DMY,,,,,HSFR830166VTLXLSDL,1266,false,false,false,false,false,
2258224145,true,true,true,0500968903,Bellina,Stryde,McBrearty,bmcbrearty5s@drupal.org,0511147303,Chihuahua,Ridgeway,San Andrs Huaxpaltepec,79,26006,LJSC060019LTD,10,79530.75,35,0579542715,WXKN802664OFLSAWLV,35959,false,true,true,true,true,2020-07-01
6725827567,true,false,true,2765879482,Pauline,Lipp,Coen,pcoen5t@huffingtonpost.com,0776045842,Michoacán,Hudson,Ro Grande,65816,77065,CNHE798020LLN,23,40638.59,31,1565947019,,,true,false,false,false,false,2022-03-15
7885017345,true,false,false,8118087672,Horatio,Roddan,Surmeyer,hsurmeyer5u@time.com,7768866881,Chihuahua,Canary,Cuauhtmoc,0403,19789,QEWD108078HXM,83,33072.79,9,6883481046,,,true,true,true,false,false,2021-01-16
7318087845,true,true,true,2400100018,Roseanna,Berrill,Delahunty,rdelahunty5v@oracle.com,9350626333,Guerrero,Golden Leaf,Coxquihui,982,64401,KAUR689714WFB,69,15423.87,13,6349571874,WVPH812134ROZLZGST,21075,true,true,false,true,false,2019-01-24
9891529466,true,false,true,6303925116,Randy,Cortese,Bruff,rbruff5w@mozilla.org,1959178471,Nuevo Leon,Heffernan,Santo Domingo Tonal,30891,57021,VRGH350528MLU,4,91329.69,10,1745299078,,,true,true,true,false,true,2020-04-13
2304353832,false,true,true,,Richmound,Kadwallider,Waycott,rwaycott5x@wisc.edu,0892525736,Chihuahua,Raven,Apodaca,00,36527,YKEG130550OPX,,,,,YLXL620007CNYJHLIP,23469,false,false,false,false,false,
2068139578,false,true,false,,Moira,Readwing,Harms,mharms5y@baidu.com,8665136737,Jalisco,Schiller,Amecameca,70740,74018,IKOH197733VZS,,,,,EVEC510130SRDEUTVN,37268,false,false,false,false,false,
7384086196,false,false,false,,Eduino,Odd,Coatham,ecoatham5z@angelfire.com,7395597508,Nuevo Leon,Killdeer,Atltzayanca,090,32337,JAEC671337HQA,,,,,,,false,false,false,false,false,
1533764737,false,true,true,,Christean,Lapree,Inott,cinott60@dot.gov,7791405227,Yucatan,Tony,Zihuateutla,42298,68889,IVKN145035VTT,,,,,LKFM152466WVAQBRZL,6288,false,false,false,false,false,
2683577435,true,false,false,2910224639,Benny,Ansley,Hansberry,bhansberry61@archive.org,2732796873,Tlaxcala,Anhalt,San Agustn Tlaxiaca,13903,93985,VNAN140965FDC,24,62969.48,22,3047997473,,,true,false,false,true,true,2018-09-03
5238841168,true,false,true,3199104599,Fredia,Farington,Seint,fseint62@reference.com,1994507365,Morelos,Darwin,Tempoal,1,93264,OWHF345868JEV,92,18681.38,19,8771927364,,,true,true,true,false,false,2019-08-09
0466159214,true,true,false,7359904161,Leshia,Benbow,Kipling,lkipling63@soundcloud.com,7949330425,Tabasco,Sunfield,San Juan Mazatln,8176,02189,ONBP328018CMZ,36,28688.45,15,1688817433,XTPW641543GOKZTKQB,8146,true,false,false,true,true,2020-04-22
5697995127,true,true,true,4375488867,Darill,Jagels,Baddeley,dbaddeley64@timesonline.co.uk,2378874435,Michoacán,Erie,Zapotln de Jurez,255,77005,QKUB677261ITT,88,1398.18,36,7356956862,EMYQ273921VSFPJUIV,27301,false,false,false,false,false,2020-07-09
9370267766,false,false,true,,Jessica,Rowney,Edyson,jedyson65@ft.com,8225572995,San Luis Potosi,Artisan,Concepcin Ppalo,0,05418,YXUR683506DKL,,,,,,,false,false,false,false,false,
8085446868,false,true,false,,Eddie,Iremonger,Breakwell,ebreakwell66@meetup.com,2448468787,Campeche,Lawn,San Lorenzo Albarradas,9446,08849,CXRI654879BUB,,,,,XKOA295219OLDEXACX,3603,false,false,false,false,false,
2940815592,false,true,true,,Orren,Lippitt,Eyree,oeyree67@mac.com,6611401189,Nuevo Leon,Briar Crest,Zongolica,10852,73556,LNNP055961UZJ,,,,,LEXX959992GNOWWHPT,42694,false,false,false,false,false,
3657392180,false,true,false,,Elnore,Vampouille,Reubel,ereubel68@nbcnews.com,4564294848,Puebla,Emmet,Juan Galindo,10,82446,DHMF412703UDA,,,,,SGPL977482NTBFAQGD,11021,false,false,false,false,false,
5205137167,true,false,false,5661955840,Danya,Eltun,Bacop,dbacop69@issuu.com,8453977396,Veracruz de Ignacio de la Llave,Waxwing,Irapuato,92813,31981,ZCCB774847CAW,53,76257.88,20,7059540508,,,true,true,true,true,true,2020-05-03
4587960249,false,true,true,,Moritz,Raund,Poxon,mpoxon6a@dropbox.com,2205862338,Chihuahua,Anthes,Agualeguas,8,18160,SCEI654534JZQ,,,,,BCMK650229DFERMFAT,23252,false,false,false,false,false,
4833689890,true,false,true,4116890464,Lesli,Presland,Krienke,lkrienke6b@youtube.com,9172206327,Tamaulipas,Anthes,Santa Ana Nopalucan,2,82735,CXII220912OUR,99,97166.03,9,2338251604,,,true,false,true,true,true,2018-02-17
2870971128,true,false,false,5258258542,Stephine,Ricardou,Bortol,sbortol6c@pen.io,8779660416,Durango,Thompson,Atenango del Ro,55518,38756,TUPO787787BTP,15,88775.85,19,6488305570,,,true,true,true,false,true,2021-01-12
7630311281,true,false,false,2765879482,Ruttger,Cowderay,Derham,rderham6d@bravesites.com,3650843667,Morelos,Gerald,Santiago Nundiche,59948,49800,JXBP814581QZF,69,81073.58,7,4422314569,,,false,false,false,false,false,2019-06-22
9037132385,true,false,true,7462592733,Adelaide,Kirrage,Balchen,abalchen6e@altervista.org,7518754293,Sinaloa,Dakota,Morelia,1655,87734,VHQD075060JLS,48,33078.48,30,2577079860,,,false,false,true,false,false,2018-03-08
4028269508,false,true,false,,Klarika,Boulding,Morad,kmorad6f@mtv.com,7789774697,Colima,Tony,Tuxcacuesco,858,71773,LHBS055668DPL,,,,,MZKZ717801WWUGCIYK,7062,false,false,false,false,false,
8254347204,true,false,true,7739948965,Casar,Mereweather,Laydel,claydel6g@army.mil,3664985071,Morelos,Butternut,Cazones de Herrera,4228,25336,PVMO301855AIH,70,24778.97,24,1142226197,,,true,true,true,true,true,2018-12-17
4597283771,false,true,false,,Alane,Ishchenko,MacKowle,amackowle6h@ft.com,5627645765,Baja California,Mccormick,Moyahua de Estrada,597,03233,CFWG477152PVU,,,,,VIVA594105RFTTURBD,25178,false,false,false,false,false,
8948853576,false,false,false,,Gerhardine,Leitche,Hillyatt,ghillyatt6i@businessinsider.com,4297700821,Campeche,Sunfield,San Francisco de los Romo,362,66093,AYHI389943BHL,,,,,,,false,false,false,false,false,
0372242028,false,true,true,,Dacy,Bittlestone,Reilingen,dreilingen6j@mapy.cz,7429665176,Chiapas,Daystar,El Tule,4732,92154,IDNE796250QVM,,,,,OSUB687900BLWYDFRL,10922,false,false,false,false,false,
8102138693,true,true,false,2130779876,Aylmer,Librey,Kop,akop6k@wisc.edu,2068186405,Durango,Morrow,Tekit,02390,71500,WBOJ863920KUH,30,37570.28,19,5297863339,KNLR510254ABSLVSSP,14513,false,false,true,true,false,2021-08-07
6540307150,true,false,false,3340417935,Shurlocke,Butteris,Lightwing,slightwing6l@ameblo.jp,8502213822,Tamaulipas,Straubel,Mazamitla,544,85003,ZMLX460972XSQ,71,91368.79,16,1614832419,,,false,false,true,false,true,2021-10-13
7967170438,false,true,false,,Norah,Ackermann,Heselwood,nheselwood6m@360.cn,9076326228,Veracruz de Ignacio de la Llave,Eliot,Palizada,66163,62991,UJHG742408BDI,,,,,KDSF353890ICLMEWRG,38621,false,false,false,false,false,
5359230600,true,false,false,1043762245,Kippie,Kiddie,Fidgin,kfidgin6n@nhs.uk,5168181827,Tabasco,Tennessee,Tingindn,1,37769,GUWC902498DGQ,77,84388.3,18,5137756076,,,true,true,false,false,true,2018-07-04
1240527778,true,false,false,7402489111,Rudolf,Chatenier,Minors,rminors6o@ed.gov,9285254686,Sonora,Southridge,Tepeaca,1,36814,WWDD574848AWF,21,21117.63,29,9103260994,,,false,false,true,true,true,2020-08-01
5022587215,true,false,true,5592617903,Sophie,Davidowich,Gladwell,sgladwell6p@jigsy.com,9996119191,Veracruz de Ignacio de la Llave,Basil,San Francisco Logueche,59538,78870,OCFN545043CTD,17,57767.66,27,8836704756,,,false,false,true,false,false,2021-04-11
4962996134,false,true,false,,Ashly,Girardoni,Matteotti,amatteotti6q@t.co,6873702183,Sonora,Lakewood Gardens,Madera,6010,35004,DOQF689232WVU,,,,,ATUP572018JLNOJOSV,21158,false,false,false,false,false,
0901851285,true,true,false,3175234074,Averill,Boyse,Paladini,apaladini6r@tuttocitta.it,4330084606,Zacatecas,Vidon,Ocozocoautla de Espinosa,0,18221,ZTNV121990EOR,56,20752.09,13,1844633531,WMNO636472WPIZLGLA,11437,false,true,true,true,false,2020-09-28
4608088326,true,false,true,5931015174,Josiah,Cahill,Garmon,jgarmon6s@list-manage.com,1984716871,Chiapas,Harper,San Miguel de Horcasitas,97,15940,HDTS337493ELG,41,11719.61,30,0543189990,,,true,false,true,false,true,2021-07-31
7752320700,false,false,true,,Trixi,Noakes,Trevethan,ttrevethan6t@imageshack.us,9743614897,Tamaulipas,Summerview,Santa Gertrudis,33446,46665,SLEX153168YCV,,,,,,,false,false,false,false,false,
5273476102,false,false,false,,Rand,Kleyn,Cantor,rcantor6u@dot.gov,3882493473,Sonora,South,San Juan Bautista Tlacoatzintepec,4136,97937,JWUO271872OLM,,,,,,,false,false,false,false,false,
5432966591,false,false,false,,Mildrid,D'Alesco,Drage,mdrage6v@cargocollective.com,2549972592,Michoacán,Fordem,Mrtir de Cuilapan,8,20467,TDAA685217TCY,,,,,,,false,false,false,false,false,
9166327661,false,false,false,,Vincenz,Oulner,Dealtry,vdealtry6w@altervista.org,0399308397,Puebla,Mallory,Tizimn,7,20285,BJHU428027XJC,,,,,,,false,false,false,false,false,
2793845123,true,true,true,0500968903,Frasco,Bremeyer,Wheatman,fwheatman6x@virginia.edu,8827831792,Michoacán,Meadow Vale,General Plutarco Elas Calles,6,26474,GKPN308662ZGO,66,68073.96,11,9379375593,GTQT434685ORJYYUGI,24978,false,true,false,true,false,2019-01-02
1755641966,false,false,false,,Samara,Hartright,Crotch,scrotch6y@slashdot.org,7237054063,Oaxaca,Northland,San Pablo Etla,67,29569,YACG053144GOS,,,,,,,false,false,false,false,false,
5059035924,true,false,true,6771050060,Yehudi,Pettiward,Jewise,yjewise6z@zdnet.com,8049684443,Zacatecas,Spaight,Charo,37,75757,EHUS197671TPZ,22,38346.53,26,3360585216,,,true,false,false,false,false,2018-12-11
8333833967,true,false,true,2400100018,Bink,Sarsons,Bromet,bbromet70@cisco.com,2295906117,Nayarit,Truax,San Juan Lachigalla,063,77040,OHJY434375OTB,22,18918.19,3,9149260512,,,true,true,false,true,false,2018-04-26
9660116645,true,false,false,5661955840,Damian,Erratt,Berthome,dberthome71@yellowbook.com,8816054235,Jalisco,Havey,El Plateado de Joaqun Amaro,9,63083,WMFB825191PFG,22,46558.26,31,7397849466,,,false,false,false,true,true,2020-01-24
9885879646,true,false,true,7359904161,Marcello,Norwood,MacCleod,mmaccleod72@sphinn.com,4948155988,Sinaloa,Blue Bill Park,Isla,44818,11046,BVHJ051784IQX,14,14642.61,26,9600053134,,,false,false,false,false,false,2020-05-08
4584325207,false,true,true,,Ulick,Fifoot,Pirazzi,upirazzi73@eepurl.com,4898709485,Aguascalientes,Kenwood,Minatitln,702,13647,EINU530168VQF,,,,,LQNG673173CNJYCCUS,4599,false,false,false,false,false,
5041652122,false,false,true,,Amata,Sives,Tomasutti,atomasutti74@cbc.ca,7924033090,Sonora,Oak Valley,Benito Jurez,64904,13805,LQKD850626MIF,,,,,,,false,false,false,false,false,
6080384331,true,false,false,3628296783,Gifford,Plain,Ingon,gingon75@list-manage.com,0961726444,Veracruz de Ignacio de la Llave,Upham,Santiago Chazumba,2020,06523,QITO247893DIW,47,24381.08,31,0014992607,,,false,true,false,true,true,2019-02-12
1024625709,false,false,true,,Lanni,Killelay,Furzer,lfurzer76@goo.ne.jp,1747365533,Tlaxcala,Fair Oaks,General Trevio,886,63670,LWRT002730YRU,,,,,,,false,false,false,false,false,
9726477224,false,true,false,,Dorise,Farnworth,Eriksson,deriksson77@xing.com,6275217068,Puebla,Warbler,Ecatepec de Morelos,86,99473,QNNS855904HFT,,,,,VYTV045089JTKDPMJA,5376,false,false,false,false,false,
1887443984,true,true,false,3475538002,Dag,Garvill,Stoacley,dstoacley78@netlog.com,4074162127,México,Stuart,Tepexco,5,88558,GCTT831569ZUZ,24,74809.31,32,6726908358,BURX992467DWKZOJZG,15059,true,true,true,true,true,2020-08-14
4863897175,false,true,true,,Octavia,Slorach,Lillee,olillee79@ycombinator.com,9782019704,Baja California,Eagan,Xoxocotla,5,22969,DMCR590859AFS,,,,,PIXM743976EMVKJRHV,47286,false,false,false,false,false,
1919461831,true,false,true,4666864794,Jordon,Sweetland,Snowding,jsnowding7a@wufoo.com,1311678478,Veracruz de Ignacio de la Llave,Elgar,Zapotitln Tablas,8977,48412,AHTR657695HIK,43,56884.62,15,2142081791,,,true,true,false,true,true,2019-02-09
4960946850,false,true,false,,Raynell,Girardey,Cowap,rcowap7b@cyberchimps.com,7474783956,San Luis Potosi,Lakewood Gardens,Tlacolula de Matamoros,4734,11841,YYGC407327FNO,,,,,NPVW264916NILOGUUU,17674,false,false,false,false,false,
4178966481,true,true,false,4597342949,Forbes,Marples,Keslake,fkeslake7c@java.com,5692881272,Zacatecas,Bowman,El Bosque,3532,27500,IFSY299729RPM,64,74641.8,9,9677979246,RFWG230662MAIAZDMN,7277,true,false,true,true,true,2018-12-04
9147665522,false,true,true,,Creighton,Tillard,Whates,cwhates7d@vinaora.com,7841711536,Coahuila de Zaragoza,Reindahl,Cenotillo,63166,11087,CYFX654227YHK,,,,,ONIZ143543YIHNCDLY,7684,false,false,false,false,false,
2555363907,true,false,true,6682277867,Saundra,Sissens,Allwright,sallwright7e@1und1.de,0562624609,Baja California Sur,Gina,Progreso,38,41492,OYED243524GTY,90,93706.96,23,9494615829,,,true,false,true,false,true,2021-04-16
7220589655,false,true,false,,Barbabra,Dashkovich,Condy,bcondy7f@gravatar.com,2333151100,Queretaro,Toban,Macuspana,1148,44032,GXNW866319DDM,,,,,SYCJ584139VOJVXKHB,46111,false,false,false,false,false,
7200919204,true,false,true,3247416465,Dorise,Musso,Marklin,dmarklin7g@prweb.com,2487518155,Tamaulipas,Crowley,Atizapn de Zaragoza,785,61699,TZKM744313QMG,56,51240.19,27,9938069961,,,false,true,false,true,false,2019-10-31
0059055071,true,false,true,5795416030,Brynn,Gomez,Lorence,blorence7h@tinypic.com,6740667111,Coahuila de Zaragoza,Vahlen,Santiago Huajolotitln,8,90760,LMTI181050DEY,90,93407.69,22,1835878974,,,true,true,false,false,true,2021-02-12
9927443485,true,false,true,1315456437,Berthe,Christopherson,Peggram,bpeggram7i@marketwatch.com,4642304687,Coahuila de Zaragoza,Bartelt,Mayapn,95017,57411,TSKO873650CRL,85,66624.22,7,0340484708,,,true,true,false,false,true,2020-12-05
4051697412,false,true,true,,Cal,Cheves,Hanks,chanks7j@jalbum.net,3258647189,Zacatecas,Holy Cross,Hermosillo,362,95796,PYTH980866FOM,,,,,YBAS885958ZBDUCPMC,36032,false,false,false,false,false,
9937506562,false,true,false,,Jeri,Lomb,Kirvin,jkirvin7k@gizmodo.com,2819212665,Baja California,Schlimgen,Mariano Escobedo,523,34968,YVOJ013308FUB,,,,,FGJH458339YVTGUBED,13434,false,false,false,false,false,
0367730965,false,false,true,,Gui,Tribe,Leete,gleete7l@wsj.com,7775389320,Quintana Roo,Ohio,Cuapiaxtla de Madero,18938,63256,BNLQ784210UHZ,,,,,,,false,false,false,false,false,
9262911228,false,false,false,,Rory,Folli,Kain,rkain7m@google.de,8667874872,Colima,Monica,Nava,26,82503,ZPZP806090IAT,,,,,,,false,false,false,false,false,
7332536809,true,true,true,5661955840,Alisha,Prium,Serfati,aserfati7n@blogspot.com,8419980787,Colima,Blackbird,Rayones,67,92494,FTGZ015274XDB,53,65657.93,31,6902248071,CZEI194044QPTSWTCQ,39207,false,false,true,true,true,2020-03-18
8893806592,false,false,true,,Lauri,Smeath,Tandy,ltandy7o@slideshare.net,1480335072,Sinaloa,Manitowish,El Grullo,0,95832,BLBH675735WKS,,,,,,,false,false,false,false,false,
4466047455,true,true,true,6308665681,Cele,Cubbino,Farrant,cfarrant7p@tumblr.com,2678136754,Guanajuato,Crest Line,San Juan Bautista Cuicatln,581,86596,GLLM781590TYZ,90,58875.77,40,5037022705,WVKH329697QTKWHUPS,40433,false,true,false,true,true,2018-04-24
3754345212,false,false,true,,Marja,Inglese,Gierhard,mgierhard7q@auda.org.au,1759621449,Durango,Waywood,Tlayacapan,5900,73830,PJRD496470EBJ,,,,,,,false,false,false,false,false,
5663511574,true,true,true,3575150287,Andros,Laffin,Allright,aallright7r@cloudflare.com,2679736674,Guerrero,Cardinal,Nuevo Ideal,91,22272,DZFH203619ZUY,51,24789.19,39,0490293534,BGCJ618510LXISQXOT,33867,true,false,false,true,true,2018-12-22
4678680465,true,false,true,4684867942,Tedmund,Rittelmeyer,Christoffersen,tchristoffersen7s@histats.com,9323274845,Campeche,Longview,San Lorenzo Texmelcan,70,13911,DPKL114405BYX,93,7896.97,26,7395505730,,,false,false,true,false,false,2021-06-23
4322605480,false,true,false,,Giffer,Rochelle,Sotham,gsotham7t@springer.com,6722568893,Nayarit,Hooker,Tenango del Aire,9,71754,GLNJ511189ZII,,,,,VJMY617505MPJLEJNY,7095,false,false,false,false,false,
8494015849,true,true,true,2893177572,Shandee,Cormode,Ruckledge,sruckledge7u@mozilla.org,8821911290,Baja California Sur,Green Ridge,San Andrs Ixtlahuaca,758,71978,QFUS473091VAW,21,75534.48,15,3181486083,FUND118466YAYCPQLZ,47420,false,true,true,false,true,2021-04-23
4675768550,true,true,true,5592617903,Reginald,Jeanel,Rockall,rrockall7v@webs.com,2262247553,Baja California Sur,8th,Opichn,02033,47656,UYEG471885WIL,83,47638.63,20,2226393330,ZQVM468007GULZXOGT,7386,true,false,false,true,true,2018-12-12
7445195339,true,false,false,5598754744,Wald,Thomasen,Rivenzon,wrivenzon7w@usatoday.com,6022431107,Chiapas,Fordem,Ocampo,53,68756,ELUR400444PHO,61,57215.04,15,4100369328,,,false,true,true,false,true,2020-11-09
5417222255,false,true,false,,Feodora,Peacocke,Gurg,fgurg7x@businesswire.com,6170629037,Chiapas,Schurz,Teotitln del Valle,75307,97016,MEXB422931OVX,,,,,KXOB233032DDSXRPXF,18874,false,false,false,false,false,
1181873554,true,true,true,3199104599,Truda,Reubel,Chomicz,tchomicz7y@tiny.cc,8147520439,Sonora,Annamark,San Francisco del Oro,6187,87499,HDFM570687PKB,71,8808.53,19,0737622729,PDDD767606SLXKRHYG,39239,true,true,true,false,true,2018-11-11
1512269663,true,true,true,8563949760,Leland,Gabriely,Sausman,lsausman7z@dot.gov,7764602904,Nayarit,Harbort,Dolores Hidalgo Cuna de la Independencia Nacional,4035,69225,DBDS183873WJK,26,71949.5,21,6863226128,GYJO020957RUGNILBP,35649,false,true,true,true,false,2019-10-16
0828926605,true,true,false,8463612421,Sean,Penkethman,Clutterham,sclutterham80@sogou.com,7824056534,Sinaloa,Declaration,San Jos Tenango,5,01741,SOYV967688YVB,4,39836.39,2,4877795479,UGNI187412JZFIDNDO,16196,true,false,false,true,true,2021-01-25
1360039078,true,true,true,3247416465,Nancey,Brimicombe,Chansonnau,nchansonnau81@mlb.com,6358540519,Hidalgo,Dwight,San Miguel del Puerto,0996,35620,ITCE088009BFR,80,74564.55,13,0224195800,PTKH515929VRXAIIWS,37828,true,false,false,false,false,2022-06-18
4153370542,true,true,true,6210563128,Carolina,Rodda,Viveash,cviveash82@odnoklassniki.ru,2818232975,San Luis Potosi,Waxwing,Huitzuco de los Figueroa,857,43587,YJIW679501SOI,44,84266.75,32,6057157552,GTZI787616GEDTRSTT,47715,true,true,false,false,false,2019-04-19
5647567179,true,true,true,5661955840,Maybelle,Manshaw,Tabor,mtabor83@tripadvisor.com,2015781303,Morelos,Eagle Crest,Tixmehuac,0,27400,EAXY815969ZOO,37,55284.73,17,8335261859,ZDTB248143IKLCZXZW,8472,true,false,true,false,false,2020-01-24
9877760491,true,false,false,9902649605,Egan,Appleton,Farron,efarron84@facebook.com,6453262744,Quintana Roo,Bellgrove,Totolapa,6041,81534,QLKH833186AIK,99,60022.96,24,8888101894,,,false,true,false,false,false,2020-08-02
4824390409,false,false,true,,Blinnie,Morit,Serjeant,bserjeant85@zdnet.com,1148239826,Tlaxcala,Summit,Coatepec,811,59024,HIQH411907OOJ,,,,,,,false,false,false,false,false,
6209648644,true,false,true,5258258542,Rickard,Ponter,Tibbles,rtibbles86@alibaba.com,2272574217,Chihuahua,Loftsgordon,Miguel Hidalgo,2,79298,BREP440099LEX,64,8215.12,36,5039682266,,,true,true,true,true,true,2018-12-25
7101829993,false,true,false,,Meyer,Kocher,Lensch,mlensch87@goo.ne.jp,0515508510,Guanajuato,Summit,Hueyapan de Ocampo,3258,10011,PCMF281095WXL,,,,,JKET207637LPBHXMWA,14435,false,false,false,false,false,
9940256031,true,false,false,2893177572,Nils,Foxall,Eilers,neilers88@histats.com,5882410908,Chiapas,Acker,Pursima del Rincn,9,08018,REHL745980ODN,86,53698.4,27,9739630641,,,false,false,true,true,true,2022-06-05
9685599476,false,true,true,,Herbie,Linck,Jekyll,hjekyll89@theguardian.com,4415329867,Guanajuato,Springs,San Mateo Nejpam,73,53161,KTIS211742SSY,,,,,MLYF890219XNUCTFZP,19177,false,false,false,false,false,
2160057164,true,false,false,2400100018,Orran,Springall,Samwaye,osamwaye8a@marriott.com,9075653011,Chiapas,Vernon,Arroyo Seco,711,57415,UPDX961431AEE,80,10756.01,5,8913875365,,,true,true,false,false,true,2020-10-25
8371040954,false,true,true,,Ulrike,Hubback,Bartosik,ubartosik8b@list-manage.com,4591800712,Hidalgo,Hayes,Cajeme,96,35299,PWLH183839ORI,,,,,WBBR829275SULJKANA,39177,false,false,false,false,false,
